data	safety_endpoint	roc_auc_score	pr_auc_score
Cell Painting, ECFP4 fingerprints	10002034	0.5445156695156694	0.21313803385841026
Cell Painting, ECFP4 fingerprints	10060708	0.5	0.05223880597014925
Cell Painting, ECFP4 fingerprints	10049771	0.5249299719887954	0.1321101199879289
Cell Painting, ECFP4 fingerprints	10047289	0.6544117647058822	0.43644705475112483
Cell Painting, ECFP4 fingerprints	10018291	0.5711412770236299	0.19390162779713815
Cell Painting, ECFP4 fingerprints	10082490	0.2677165354330709	0.04077238208279797
Cell Painting, ECFP4 fingerprints	10046543	0.525383141762452	0.18770701566385833
Cell Painting, ECFP4 fingerprints	10006458	0.6028154851684263	0.24149544156372993
Cell Painting, ECFP4 fingerprints	10061471	0.5199999999999999	0.1926578129910656
Cell Painting, ECFP4 fingerprints	10040047	0.5035612535612535	0.22145047533101347
Cell Painting, ECFP4 fingerprints	10005419	0.5047619047619047	0.2761731533210663
Cell Painting, ECFP4 fingerprints	10027417	0.6200757575757576	0.2981877551302237
Cell Painting, ECFP4 fingerprints	10072970	0.5170387779083432	0.23556253814369443
Cell Painting, ECFP4 fingerprints	10027458	0.5	0.08955223880597014
Cell Painting, ECFP4 fingerprints	10037087	0.6340042372881356	0.367983560194217
Cell Painting, ECFP4 fingerprints	10014581	0.5534308211473566	0.08617326338303007
Cell Painting, ECFP4 fingerprints	10023509	0.5980769230769232	0.34833512615867956
Cell Painting, ECFP4 fingerprints	10018852	0.5404444444444444	0.08782582058590466
Cell Painting, ECFP4 fingerprints	10050031	0.4805194805194805	0.22618984286747215
Cell Painting, ECFP4 fingerprints	10029282	0.7581168831168831	0.46439790942601256
Cell Painting, ECFP4 fingerprints	10035155	0.4609649122807018	0.20741488211572853
Cell Painting, ECFP4 fingerprints	10033546	0.5469327420546932	0.2706970285271786
Cell Painting, ECFP4 fingerprints	10020649	0.5769068689422672	0.23689969163067176
Cell Painting, ECFP4 fingerprints	10021027	0.44713958810068655	0.12816274253145976
Cell Painting, ECFP4 fingerprints	10005630	0.5208333333333334	0.24684505460098663
Cell Painting, ECFP4 fingerprints	10057453	0.4465909090909091	0.17151159366511387
Cell Painting, ECFP4 fingerprints	10001233	0.5445871559633028	0.358313853485656
Cell Painting, ECFP4 fingerprints	10082297	0.675	0.3937461212061596
Cell Painting, ECFP4 fingerprints	10003885	0.6353276353276354	0.2995318712101537
Cell Painting, ECFP4 fingerprints	10061126	0.4205508474576271	0.10303840662571352
Cell Painting, ECFP4 fingerprints	10029202	0.36899224806201547	0.03370512499531558
Cell Painting, ECFP4 fingerprints	10005470	0.7137614678899084	0.3640655012595815
Cell Painting, ECFP4 fingerprints	10057009	0.5	0.06716417910447761
Cell Painting, ECFP4 fingerprints	10061368	0.49924585218702866	0.15806818419533633
Cell Painting, ECFP4 fingerprints	10065558	0.54	0.292136509962961
Cell Painting, ECFP4 fingerprints	10001367	0.5014005602240896	0.18956787890291799
Cell Painting, ECFP4 fingerprints	10006784	0.7232142857142857	0.2339516360657353
Cell Painting, ECFP4 fingerprints	10000269	0.6415373244641538	0.28841417546888914
Cell Painting, ECFP4 fingerprints	10061117	0.6724137931034482	0.22425134437635566
Cell Painting, ECFP4 fingerprints	10039796	0.6269965549639837	0.32050588122130635
Cell Painting, ECFP4 fingerprints	10040943	0.6452638270820089	0.18624866043057117
Cell Painting, ECFP4 fingerprints	10031149	0.49425287356321845	0.20918691713759008
Cell Painting, ECFP4 fingerprints	10041541	0.5778301886792453	0.36176536247776936
Cell Painting, ECFP4 fingerprints	10001551	0.5651080945198592	0.16150264015382262
Cell Painting, ECFP4 fingerprints	10021079	0.5	0.05970149253731343
Cell Painting, ECFP4 fingerprints	10020983	0.5508064516129032	0.08368635520887613
Cell Painting, ECFP4 fingerprints	10060946	0.5667372881355932	0.136038461908784
Cell Painting, ECFP4 fingerprints	10028034	0.7588709677419355	0.18971055088702146
Cell Painting, ECFP4 fingerprints	10064990	0.44487179487179485	0.23114081825986318
Cell Painting, ECFP4 fingerprints	10028372	0.6677871148459383	0.3025762353512409
Cell Painting, ECFP4 fingerprints	10013887	0.47139588100686497	0.1596846759922882
Cell Painting, ECFP4 fingerprints	10012218	0.6210826210826211	0.3191162801692754
Cell Painting, ECFP4 fingerprints	10008882	0.5326797385620915	0.20283221159082782
Cell Painting, ECFP4 fingerprints	10019772	0.5727969348659003	0.15837969869152477
Cell Painting, ECFP4 fingerprints	10021137	0.5001642036124796	0.2509869896265834
Cell Painting, ECFP4 fingerprints	10062352	0.43976348854397634	0.2443088154023594
Cell Painting, ECFP4 fingerprints	10005725	0.6048245614035088	0.24104587462870466
Cell Painting, ECFP4 fingerprints	10048780	0.5596361185983828	0.301559643701795
Cell Painting, ECFP4 fingerprints	10083842	0.6995555555555556	0.23979768917025898
Cell Painting, ECFP4 fingerprints	10005287	0.6155024509803921	0.3335728521728976
Cell Painting, ECFP4 fingerprints	10001052	0.4694479561736199	0.17522020172939481
Cell Painting, ECFP4 fingerprints	10022061	0.5	0.014925373134328358
Cell Painting, ECFP4 fingerprints	10033864	0.6497564935064936	0.32499954852556584
Cell Painting, ECFP4 fingerprints	10001949	0.6109345200254291	0.15489357604417187
Cell Painting, ECFP4 fingerprints	10020869	0.502016129032258	0.09463222666306449
Cell Painting, ECFP4 fingerprints	10044390	0.6736842105263158	0.2339912479492064
Cell Painting, ECFP4 fingerprints	10034539	0.49865229110512127	0.2206491422511396
Cell Painting, ECFP4 fingerprints	10061394	0.5	0.08801688938929568
Cell Painting, ECFP4 fingerprints	10000081	0.6951612903225807	0.21408999730428302
Cell Painting, ECFP4 fingerprints	10046735	0.7945402298850575	0.4161364664848736
Cell Painting, ECFP4 fingerprints	10011078	0.6058715596330275	0.28304646501756014
Cell Painting, ECFP4 fingerprints	10041834	0.507563025210084	0.14712485178580317
Cell Painting, ECFP4 fingerprints	10047141	0.5621584699453552	0.10734699455062333
Cell Painting, ECFP4 fingerprints	10009657	0.6647245762711864	0.28795668534177055
Cell Painting, ECFP4 fingerprints	10061593	0.5766716943187532	0.24044281266228507
Cell Painting, ECFP4 fingerprints	10013442	0.5389408099688474	0.2272323805084301
Cell Painting, ECFP4 fingerprints	10008118	0.519808743169399	0.12125101944408637
Cell Painting, ECFP4 fingerprints	10012601	0.6986842105263158	0.3278297734334033
Cell Painting, ECFP4 fingerprints	10033649	0.6691951116729877	0.27578393790935657
Cell Painting, ECFP4 fingerprints	10016581	0.5	0.04477611940298507
Cell Painting, ECFP4 fingerprints	10035485	0.5776315789473685	0.177297271590307
Cell Painting, ECFP4 fingerprints	10019211	0.6201612903225807	0.13608435379920936
Cell Painting, ECFP4 fingerprints	10054889	0.5	0.03731343283582089
Cell Painting, ECFP4 fingerprints	10046555	0.6789772727272727	0.365786638636329
Cell Painting, ECFP4 fingerprints	10008729	0.482837528604119	0.13704864842887857
Cell Painting, ECFP4 fingerprints	10013916	0.7486238532110091	0.5364471537212597
Cell Painting, ECFP4 fingerprints	10056325	0.7685381355932204	0.3447949174551104
Cell Painting, ECFP4 fingerprints	10020524	0.43449541284403675	0.20084702524488185
Cell Painting, ECFP4 fingerprints	10050196	0.49497126436781613	0.1593810666070076
Cell Painting, ECFP4 fingerprints	10003553	0.4837889383343929	0.10961235294435183
Cell Painting, ECFP4 fingerprints	10020575	0.6115555555555556	0.21629096346487647
Cell Painting, ECFP4 fingerprints	10020100	0.540368722186904	0.11402312039142916
Cell Painting, ECFP4 fingerprints	10024119	0.5389355742296918	0.28786306026523634
Cell Painting, ECFP4 fingerprints	10011985	0.5349358974358975	0.2587993864056854
Cell Painting, ECFP4 fingerprints	10021789	0.5560109289617486	0.14845182305831928
Cell Painting, ECFP4 fingerprints	10019847	0.48371647509578547	0.16623363132799746
Cell Painting, ECFP4 fingerprints	10016667	0.5786827551533434	0.15024050015375773
Cell Painting, ECFP4 fingerprints	10019663	0.47270114942528735	0.1312763834105843
Cell Painting, ECFP4 fingerprints	10039109	0.5886752136752137	0.23754871186157306
Cell Painting, ECFP4 fingerprints	10048049	0.6598360655737705	0.15932318813510765
Cell Painting, ECFP4 fingerprints	10021118	0.5984848484848485	0.036235955056179776
Cell Painting, ECFP4 fingerprints	10029148	0.6418036241045091	0.2975343666969929
Cell Painting, ECFP4 fingerprints	10039906	0.7161016949152543	0.2348267705637822
Cell Painting, ECFP4 fingerprints	10067352	0.5687426556991775	0.22550386215651347
Cell Painting, ECFP4 fingerprints	10028762	0.6923725242309313	0.30742408028639445
Cell Painting, ECFP4 fingerprints	10042316	0.5240206947524021	0.09607242596520929
Cell Painting, ECFP4 fingerprints	10002847	0.40869565217391307	0.12761962093616114
Cell Painting, ECFP4 fingerprints	10020679	0.5520361990950226	0.19816964632988235
Cell Painting, ECFP4 fingerprints	10017826	0.6923076923076923	0.2798406179463085
Cell Painting, ECFP4 fingerprints	10051612	0.5125858123569794	0.15402329322011432
Cell Painting, ECFP4 fingerprints	10015296	0.4891129032258064	0.11959194997843131
Cell Painting, ECFP4 fingerprints	10042264	0.6790254237288136	0.29627628544517237
Cell Painting, ECFP4 fingerprints	10024642	0.5049603174603174	0.07734782363966068
Cell Painting, ECFP4 fingerprints	10028813	0.6597222222222222	0.13009745071328332
Cell Painting, ECFP4 fingerprints	10006473	0.5	0.08955223880597014
Cell Painting, ECFP4 fingerprints	10002967	0.7322128851540616	0.2750614706535017
Cell Painting, ECFP4 fingerprints	10018290	0.5775162337662338	0.2013397786855749
Cell Painting, ECFP4 fingerprints	10038661	0.5254004576659039	0.19821391578749464
Cell Painting, ECFP4 fingerprints	10022116	0.5576923076923077	0.2302754733064181
Cell Painting, ECFP4 fingerprints	10061835	0.5105363984674329	0.14268060496894394
Cell Painting, ECFP4 fingerprints	10061366	0.4728192161820481	0.16030385677525105
Cell Painting, ECFP4 fingerprints	10062190	0.660436137071651	0.33020054147503486
Cell Painting, ECFP4 fingerprints	10042033	0.6946969696969697	0.37777219991658106
Cell Painting, ECFP4 fingerprints	10044055	0.6439359267734553	0.25338159375652597
Cell Painting, ECFP4 fingerprints	10049187	0.5886904761904762	0.18465877211902196
Cell Painting, ECFP4 fingerprints	10019075	0.6161378770074423	0.2936603992619399
Cell Painting, ECFP4 fingerprints	10015090	0.6816647919010124	0.20417746045786736
Cell Painting, ECFP4 fingerprints	10022611	0.4881850175967823	0.12615909971766043
Cell Painting, ECFP4 fingerprints	10016256	0.5721551176096631	0.11700083233205703
Cell Painting, ECFP4 fingerprints	10040742	0.3903890160183066	0.11638491201065951
Cell Painting, ECFP4 fingerprints	10029354	0.5969945355191257	0.17129486042567071
Cell Painting, ECFP4 fingerprints	10018092	0.643452380952381	0.25300606524055796
Cell Painting, ECFP4 fingerprints	10028164	0.4723112128146453	0.1349358799693259
Cell Painting, ECFP4 fingerprints	10048960	0.5426245210727969	0.15852486501500734
Cell Painting, ECFP4 fingerprints	10052224	0.5539617486338798	0.11126898094051445
Cell Painting, ECFP4 fingerprints	10005619	0.5011086474501109	0.08344125175357557
Cell Painting, ECFP4 fingerprints	10006093	0.664559629161399	0.27843574509483815
Cell Painting, ECFP4 fingerprints	10062501	0.6723112128146452	0.2159437006260732
Cell Painting, ECFP4 fingerprints	10034464	0.45789473684210524	0.17661019228116026
Cell Painting, ECFP4 fingerprints	10014391	0.5459770114942528	0.23179250141528357
Cell Painting, ECFP4 fingerprints	10054236	0.5853658536585367	0.10631023590226271
Cell Painting, ECFP4 fingerprints	10019022	0.5793924209207642	0.27524345248111626
Cell Painting, ECFP4 fingerprints	10026882	0.5637820512820513	0.3199127637142488
Cell Painting, ECFP4 fingerprints	10037876	0.8515625	0.4792281674227754
Cell Painting, ECFP4 fingerprints	10003986	0.6043859649122807	0.19956955446238445
Cell Painting, ECFP4 fingerprints	10002942	0.6776859504132231	0.23543308463690799
Cell Painting, ECFP4 fingerprints	10019948	0.7505952380952381	0.2521581544093042
Cell Painting, ECFP4 fingerprints	10013036	0.5675070028011204	0.13591223458398663
Cell Painting, ECFP4 fingerprints	10010947	0.6153846153846154	0.17465009198701875
Cell Painting, ECFP4 fingerprints	10034835	0.6708333333333334	0.16097701768240802
Cell Painting, ECFP4 fingerprints	10052223	0.5	0.05223880597014925
Cell Painting, ECFP4 fingerprints	10040030	0.5112903225806452	0.12232119332830454
Cell Painting, ECFP4 fingerprints	10007739	0.5235697940503433	0.1919199935305403
Cell Painting, ECFP4 fingerprints	10042241	0.685515873015873	0.09839916990452464
Cell Painting, ECFP4 fingerprints	10023126	0.5915966386554622	0.22186882018216203
Cell Painting, ECFP4 fingerprints	10020583	0.47812971342383104	0.15119863974673198
Cell Painting, ECFP4 fingerprints	10059421	0.6190476190476191	0.16511285788811722
Cell Painting, ECFP4 fingerprints	10048439	0.4650974025974027	0.15580127808242117
Cell Painting, ECFP4 fingerprints	10048762	0.5381493506493507	0.179456892762699
Cell Painting, ECFP4 fingerprints	10038712	0.4173669467787115	0.1018696542686384
Cell Painting, ECFP4 fingerprints	10021138	0.5994914176732359	0.11884342059590576
Cell Painting, ECFP4 fingerprints	10012431	0.4729872881355932	0.23577372598978086
Cell Painting, ECFP4 fingerprints	10038063	0.642577030812325	0.1741193976810098
Cell Painting, ECFP4 fingerprints	10005654	0.6486842105263158	0.223505202345194
Cell Painting, ECFP4 fingerprints	10023848	0.3872950819672131	0.07546375574670293
Cell Painting, ECFP4 fingerprints	10043882	0.653781512605042	0.4138412330550288
Cell Painting, ECFP4 fingerprints	10053920	0.49016018306636155	0.14272753310063768
Cell Painting, ECFP4 fingerprints	10015958	0.5269770879526977	0.11758813596542428
Cell Painting, ECFP4 fingerprints	10042602	0.6028813028499843	0.3070572079134914
Cell Painting, ECFP4 fingerprints	10017885	0.5380727762803235	0.22915377387953684
Cell Painting, ECFP4 fingerprints	10028521	0.7745750184774576	0.21232882453846336
Cell Painting, ECFP4 fingerprints	10035669	0.507051282051282	0.2221804326040917
Cell Painting, ECFP4 fingerprints	10020708	0.47473404255319146	0.3700692821978344
Cell Painting, ECFP4 fingerprints	10022595	0.5565476190476191	0.20553463681432735
Cell Painting, ECFP4 fingerprints	10061941	0.48863636363636365	0.22140715172139688
Cell Painting, ECFP4 fingerprints	10070511	0.554249902075989	0.25286682746894007
Cell Painting, ECFP4 fingerprints	10058854	0.5675070028011204	0.1379351436428766
Cell Painting, ECFP4 fingerprints	10053573	0.5328733766233765	0.18042107721004863
Cell Painting, ECFP4 fingerprints	10048777	0.6877370417193426	0.35252721805128456
Cell Painting, ECFP4 fingerprints	10052897	0.5219326128417038	0.10089717134579741
Cell Painting, ECFP4 fingerprints	10050584	0.5563302752293577	0.23650071246111198
Cell Painting, ECFP4 fingerprints	10062544	0.5247564935064934	0.18399293651259296
Cell Painting, ECFP4 fingerprints	10035717	0.5354691075514874	0.18040542229995638
Cell Painting, ECFP4 fingerprints	10040882	0.5598516949152542	0.15562076629078592
Cell Painting, ECFP4 fingerprints	10008617	0.6359649122807018	0.3871081842209327
Cell Painting, ECFP4 fingerprints	10005420	0.5694011768778123	0.21524318416903676
Cell Painting, ECFP4 fingerprints	10015967	0.5794530672579453	0.13572833219797203
Cell Painting, ECFP4 fingerprints	10009802	0.2342222222222222	0.04643196374498154
Cell Painting, ECFP4 fingerprints	10058116	0.6545454545454545	0.4797091975930412
Cell Painting, ECFP4 fingerprints	10011224	0.6974128233970752	0.1640770649723304
Cell Painting, ECFP4 fingerprints	10007556	0.6237986270022883	0.21074744785234012
Cell Painting, ECFP4 fingerprints	10034620	0.47911111111111104	0.07002309958699703
Cell Painting, ECFP4 fingerprints	10022086	0.5	0.022388059701492536
Cell Painting, ECFP4 fingerprints	10003246	0.4496822033898305	0.11346383195977111
Cell Painting, ECFP4 fingerprints	10005746	0.5348684210526315	0.21379501053994965
Cell Painting, ECFP4 fingerprints	10020741	0.7786666666666666	0.3866696192131922
Cell Painting, ECFP4 fingerprints	10030095	0.6088888888888889	0.14358974042372052
Cell Painting, ECFP4 fingerprints	10044034	0.5899159663865546	0.18782265622194408
Cell Painting, ECFP4 fingerprints	10005482	0.6129032258064517	0.10593978944958965
Cell Painting, ECFP4 fingerprints	10033647	0.6178984414278532	0.19269152409093276
Cell Painting, ECFP4 fingerprints	10058648	0.6613984674329502	0.2417835430446671
Cell Painting, ECFP4 fingerprints	10025082	0.49150036954915005	0.09269369269196731
Cell Painting, ECFP4 fingerprints	10063560	0.5458636206299758	0.23857421230980602
Cell Painting, ECFP4 fingerprints	10030041	0.5	0.04477611940298507
Cell Painting, ECFP4 fingerprints	10031127	0.7431882242405261	0.5360010317493691
Cell Painting, ECFP4 fingerprints	10050256	0.6354166666666667	0.11641313189859717
Cell Painting, ECFP4 fingerprints	10061218	0.3869516310461193	0.045574288302867375
Cell Painting, ECFP4 fingerprints	10065720	0.5950854700854701	0.25040896125686707
Cell Painting, ECFP4 fingerprints	10065268	0.6237824675324676	0.2779301828155524
Cell Painting, ECFP4 fingerprints	10013559	0.5951923076923077	0.3313800585053661
Cell Painting, ECFP4 fingerprints	10020718	0.5820603211907559	0.24163315898768245
Cell Painting, ECFP4 fingerprints	10019304	0.5773809523809523	0.14355687010882884
Cell Painting, ECFP4 fingerprints	10022972	0.6194495412844037	0.32111319241163927
Cell Painting, ECFP4 fingerprints	10061920	0.7030701754385965	0.2958059818597083
Cell Painting, ECFP4 fingerprints	10043903	0.6869658119658119	0.32183207692986326
Cell Painting, ECFP4 fingerprints	10046542	0.7184514831573655	0.28585978956505786
Cell Painting, ECFP4 fingerprints	10016288	0.4879551820728291	0.11673175891807917
Cell Painting, ECFP4 fingerprints	10005861	0.6050420168067226	0.17681248903654873
Cell Painting, ECFP4 fingerprints	10003084	0.40672268907563025	0.11135386776683082
Cell Painting, ECFP4 fingerprints	10028836	0.603030303030303	0.2174599008717773
Cell Painting, ECFP4 fingerprints	10037868	0.7346866096866097	0.4878877143071104
Cell Painting, ECFP4 fingerprints	10069620	0.5	0.04477611940298507
Cell Painting, ECFP4 fingerprints	10050558	0.5808852330591461	0.3010889561139244
Cell Painting, ECFP4 fingerprints	10012373	0.594017094017094	0.23793569222626934
Cell Painting, ECFP4 fingerprints	10006451	0.5737179487179488	0.257131312521125
Cell Painting, ECFP4 fingerprints	10037063	0.47492625368731567	0.17679862461816764
Cell Painting, ECFP4 fingerprints	10033664	0.4837889383343929	0.1312870106604317
Cell Painting, ECFP4 fingerprints	10020646	0.5980295566502464	0.2961745494395602
Cell Painting, ECFP4 fingerprints	10024612	0.4837528604118993	0.20261962626301774
Cell Painting, ECFP4 fingerprints	10012374	0.5892857142857143	0.10635134922429038
Cell Painting, ECFP4 fingerprints	10003211	0.6519541778975741	0.30382087654357964
Cell Painting, ECFP4 fingerprints	10036590	0.6310077519379845	0.07797699376646745
Cell Painting, ECFP4 fingerprints	10024384	0.4781420765027322	0.11084432956140641
Cell Painting, ECFP4 fingerprints	10061422	0.5833333333333333	0.14607735779071737
Cell Painting, ECFP4 fingerprints	10016275	0.6234110169491526	0.21504554857873961
Cell Painting, ECFP4 fingerprints	10061494	0.5	0.08955223880597014
Cell Painting, ECFP4 fingerprints	10062713	0.461035696329814	0.12668785591281362
Cell Painting, ECFP4 fingerprints	10044016	0.5673854447439353	0.32545881358060147
Cell Painting, ECFP4 fingerprints	10040108	0.6784957627118644	0.35849901002654394
Cell Painting, ECFP4 fingerprints	10028289	0.5401785714285714	0.21328090805728667
Cell Painting, ECFP4 fingerprints	10017982	0.4133064516129032	0.06622310471353443
Cell Painting, ECFP4 fingerprints	10007617	0.5394495412844036	0.21855417923831658
Cell Painting, ECFP4 fingerprints	10021036	0.5902964959568734	0.34968590455091453
Cell Painting, ECFP4 fingerprints	10014080	0.7404761904761905	0.30745973265745064
Cell Painting, ECFP4 fingerprints	10057372	0.4722838137472284	0.13231307007169077
Cell Painting, ECFP4 fingerprints	10069339	0.5473529411764706	0.3507076167430574
Cell Painting, ECFP4 fingerprints	10081150	0.6176282051282052	0.31389887122514065
Cell Painting, ECFP4 fingerprints	10013012	0.5945165945165944	0.38760795746740573
Cell Painting, ECFP4 fingerprints	10053377	0.5697473174108688	0.24358476222270328
Cell Painting, ECFP4 fingerprints	10016042	0.779862700228833	0.3351535705417706
Cell Painting, ECFP4 fingerprints	10039117	0.644991789819376	0.3416428702952008
Cell Painting, ECFP4 fingerprints	10021143	0.4756410256410256	0.27077307107998727
Cell Painting, ECFP4 fingerprints	10040753	0.47348484848484845	0.17225066638125466
Cell Painting, ECFP4 fingerprints	10023204	0.6623563218390804	0.29093367948220145
Cell Painting, ECFP4 fingerprints	10007559	0.6337641989815903	0.3245810441891719
Cell Painting, ECFP4 fingerprints	10007223	0.4285714285714286	0.10059722817469215
Cell Painting, ECFP4 fingerprints	10024574	0.6741894469167196	0.17002445422029702
Cell Painting, ECFP4 fingerprints	10017533	0.5928571428571429	0.26836337217528117
Cell Painting, ECFP4 fingerprints	10061124	0.6009615384615385	0.2683438373665409
Cell Painting, ECFP4 fingerprints	10038687	0.5171624713958811	0.14993104500801582
Cell Painting, ECFP4 fingerprints	10008604	0.30933333333333335	0.05636206498759853
Cell Painting, ECFP4 fingerprints	10061297	0.4642478813559322	0.13945979363556976
Cell Painting, ECFP4 fingerprints	10027727	0.6116059379217275	0.4696576020072001
Cell Painting, ECFP4 fingerprints	10000636	0.48009153318077796	0.2312751514809672
Cell Painting, ECFP4 fingerprints	10022998	0.6072580645161291	0.10245208059803033
Cell Painting, ECFP4 fingerprints	10029883	0.6252873563218391	0.2992456898792821
Cell Painting, ECFP4 fingerprints	10079487	0.3658263305322129	0.09269142880954395
Cell Painting, ECFP4 fingerprints	10042682	0.6541019955654102	0.21533361384558677
Cell Painting, ECFP4 fingerprints	10064658	0.5491990846681922	0.2298234569831758
Cell Painting, ECFP4 fingerprints	10047513	0.6711309523809524	0.24774184162456125
Cell Painting, ECFP4 fingerprints	10040844	0.6744791666666666	0.2760043012391958
Cell Painting, ECFP4 fingerprints	10042674	0.5439763488543976	0.12883015031929831
Cell Painting, ECFP4 fingerprints	10016970	0.6207332490518331	0.23750063975346103
Cell Painting, ECFP4 fingerprints	10048908	0.5118149824032177	0.1757851002355219
Cell Painting, ECFP4 fingerprints	10050337	0.5990147783251232	0.2574351681933682
Cell Painting, ECFP4 fingerprints	10035598	0.5151515151515151	0.3152895704355313
Cell Painting, ECFP4 fingerprints	10042464	0.6336206896551724	0.29645254370935764
Cell Painting, ECFP4 fingerprints	10053631	0.5269886363636365	0.2518962941972489
Cell Painting, ECFP4 fingerprints	10013836	0.5976190476190476	0.2816829108935984
Cell Painting, ECFP4 fingerprints	10013573	0.7064516129032258	0.22405597255007184
Cell Painting, ECFP4 fingerprints	10023201	0.6297482837528604	0.2616981656369643
Cell Painting, ECFP4 fingerprints	10004637	0.5677050222504768	0.17129937563599543
Cell Painting, ECFP4 fingerprints	10012455	0.6904005085823268	0.2556059366608537
Cell Painting, ECFP4 fingerprints	10031252	0.5197691197691197	0.26976204881253474
Cell Painting, ECFP4 fingerprints	10033775	0.4060792349726775	0.11911603357478658
Cell Painting, ECFP4 fingerprints	10037833	0.5919266055045871	0.3166984545484458
Cell Painting, ECFP4 fingerprints	10050528	0.4692796610169492	0.12152255131006483
Cell Painting, ECFP4 fingerprints	10051592	0.7251984126984127	0.2919987922705314
Cell Painting, ECFP4 fingerprints	10047295	0.621668397369332	0.2988305216428282
Cell Painting, ECFP4 fingerprints	10036142	0.7807377049180327	0.2842424946161013
Cell Painting, ECFP4 fingerprints	10019070	0.6392156862745099	0.24781771739656988
Cell Painting, ECFP4 fingerprints	10038537	0.41567460317460314	0.06621103455568655
Cell Painting, ECFP4 fingerprints	10020765	0.6178571428571429	0.21480269711436645
Cell Painting, ECFP4 fingerprints	10021639	0.6364942528735632	0.26754372808390986
Cell Painting, ECFP4 fingerprints	10005359	0.5251112523839796	0.10542477409748696
Cell Painting, ECFP4 fingerprints	10037855	0.7300344503601628	0.4863728104941509
Cell Painting, ECFP4 fingerprints	10062226	0.575136612021858	0.12455116960119048
Cell Painting, ECFP4 fingerprints	10011469	0.5	0.05223880597014925
Cell Painting, ECFP4 fingerprints	10058877	0.581547619047619	0.1698522551951278
Cell Painting, ECFP4 fingerprints	10033557	0.5909090909090909	0.11323956513916007
Cell Painting, ECFP4 fingerprints	10018627	0.7250554323725056	0.30828317633776514
Cell Painting, ECFP4 fingerprints	10036653	0.492436974789916	0.19991817231335304
Cell Painting, ECFP4 fingerprints	10027452	0.40469348659003834	0.11999705412810532
Cell Painting, ECFP4 fingerprints	10030963	0.7345537757437071	0.3274050959758678
Cell Painting, ECFP4 fingerprints	10003693	0.6087662337662338	0.23036078661297107
Cell Painting, ECFP4 fingerprints	10047571	0.6415373244641537	0.15415939840157758
Cell Painting, ECFP4 fingerprints	10039740	0.5357142857142857	0.21178556668328424
Cell Painting, ECFP4 fingerprints	10005758	0.614190687361419	0.16185147539454256
Cell Painting, ECFP4 fingerprints	10073755	0.45824094604582405	0.11761453702205463
Cell Painting, ECFP4 fingerprints	10014665	0.5657978385251112	0.14666465486667282
Cell Painting, ECFP4 fingerprints	10030124	0.5748283752860412	0.19054478923301127
Cell Painting, ECFP4 fingerprints	10049773	0.5083056478405314	0.325393122213476
Cell Painting, ECFP4 fingerprints	10012441	0.6263305322128851	0.279493840525627
Cell Painting, ECFP4 fingerprints	10020852	0.7164750957854406	0.3354943776786622
Cell Painting, ECFP4 fingerprints	10020635	0.6028011204481794	0.2579600049231801
Cell Painting, ECFP4 fingerprints	10039674	0.5667841754798276	0.2264278088294141
Cell Painting, ECFP4 fingerprints	10013687	0.6143790849673202	0.2878325538308796
Cell Painting, ECFP4 fingerprints	10007625	0.5617361989043405	0.23743562696156353
Cell Painting, ECFP4 fingerprints	10035600	0.6490620490620491	0.43496536976346567
Cell Painting, ECFP4 fingerprints	10018292	0.621292372881356	0.20772610578278994
Cell Painting, ECFP4 fingerprints	10042727	0.6717741935483871	0.1448505388774376
Cell Painting, ECFP4 fingerprints	10081647	0.6202830188679245	0.34552261088591096
Cell Painting, ECFP4 fingerprints	10051992	0.5028607755880483	0.10378141685773591
Cell Painting, ECFP4 fingerprints	10035737	0.5327231121281465	0.2272509228817973
Cell Painting, ECFP4 fingerprints	10031248	0.6459770114942529	0.3119536653440864
Cell Painting, ECFP4 fingerprints	10061129	0.6838709677419355	0.1739805669817086
Cell Painting, ECFP4 fingerprints	10051608	0.5368888888888889	0.09233349916344162
Cell Painting, ECFP4 fingerprints	10007759	0.6590825688073394	0.27171557357601867
Cell Painting, ECFP4 fingerprints	10037368	0.7020975056689343	0.4353424931055332
Cell Painting, ECFP4 fingerprints	10005839	0.6447368421052632	0.2270049512859918
Cell Painting, ECFP4 fingerprints	10048706	0.5843137254901961	0.1696051356232045
Cell Painting, ECFP4 fingerprints	10010254	0.5043103448275862	0.13817124272743372
Cell Painting, ECFP4 fingerprints	10025409	0.4645550527903469	0.1730435024776289
Cell Painting, ECFP4 fingerprints	10052238	0.5330804888327012	0.20952239683746324
Cell Painting, ECFP4 fingerprints	10052076	0.4322949777495232	0.10157371703006231
Cell Painting, ECFP4 fingerprints	10008111	0.5031111111111111	0.07132712469469527
Cell Painting, ECFP4 fingerprints	10075889	0.6109848484848485	0.23509941226925912
Cell Painting, ECFP4 fingerprints	10041812	0.5669354838709677	0.09598077643525267
Cell Painting, ECFP4 fingerprints	10029410	0.5217161016949152	0.2221463657832987
Cell Painting, ECFP4 fingerprints	10033072	0.6246305418719211	0.3404579677493965
Cell Painting, ECFP4 fingerprints	10029279	0.5882848714707123	0.20425191102588053
Cell Painting, ECFP4 fingerprints	10013781	0.7351190476190477	0.41316848163013853
Cell Painting, ECFP4 fingerprints	10014184	0.7884444444444444	0.22442909001265215
Cell Painting, ECFP4 fingerprints	10008635	0.5070938215102975	0.16999806432253645
Cell Painting, ECFP4 fingerprints	10000620	0.5569407008086253	0.2646333313730593
Cell Painting, ECFP4 fingerprints	10028391	0.5926906779661016	0.14851640868431223
Cell Painting, ECFP4 fingerprints	10037597	0.4571428571428572	0.10195916148223255
Cell Painting, ECFP4 fingerprints	10048334	0.6351190476190476	0.1698194867238031
Cell Painting, ECFP4 fingerprints	10064211	0.5947454844006568	0.25332924698006454
Cell Painting, ECFP4 fingerprints	10003671	0.5761494252873562	0.28193979574541356
Cell Painting, ECFP4 fingerprints	10042128	0.5715193897012079	0.13944493258920795
Cell Painting, ECFP4 fingerprints	10052337	0.6798406862745098	0.41948452456177493
Cell Painting, ECFP4 fingerprints	10047340	0.6022245762711864	0.19153535356787954
Cell Painting, ECFP4 fingerprints	10016059	0.41761467889908255	0.17490842526661915
Cell Painting, ECFP4 fingerprints	10031282	0.5856880733944954	0.29452831102289023
Cell Painting, ECFP4 fingerprints	10051118	0.6366120218579234	0.1740419357374092
Cell Painting, ECFP4 fingerprints	10003445	0.44535840188014103	0.1949447101984276
Cell Painting, ECFP4 fingerprints	10017626	0.6077380952380953	0.23142404600837965
Cell Painting, ECFP4 fingerprints	10051620	0.6834733893557423	0.18676112431588646
Cell Painting, ECFP4 fingerprints	10018100	0.583710407239819	0.21902498394223274
Cell Painting, ECFP4 fingerprints	10036436	0.5688787185354691	0.19397126232737555
Cell Painting, ECFP4 fingerprints	10020642	0.5772409408773045	0.22968172452314636
Cell Painting, ECFP4 fingerprints	10021328	0.43706140350877193	0.16722313858083526
Cell Painting, ECFP4 fingerprints	10029223	0.5155963302752293	0.20444490267077747
Cell Painting, ECFP4 fingerprints	10008531	0.6589147286821706	0.10766772992786772
Cell Painting, ECFP4 fingerprints	10040767	0.5757415254237288	0.31912064251443967
Cell Painting, ECFP4 fingerprints	10003674	0.60411051212938	0.31483842839031506
Cell Painting, ECFP4 fingerprints	10019974	0.5314207650273224	0.28068659977651467
Cell Painting, ECFP4 fingerprints	10025256	0.5937698664971394	0.1541321583648652
Cell Painting, ECFP4 fingerprints	10039897	0.7248182762201454	0.42962676755879564
Cell Painting, ECFP4 fingerprints	10041101	0.6223516949152543	0.256674451561875
Cell Painting, ECFP4 fingerprints	10049447	0.5686274509803921	0.17803856451207323
Cell Painting, ECFP4 fingerprints	10040952	0.35961538461538456	0.028202618256604965
Cell Painting, ECFP4 fingerprints	10039793	0.573535608933839	0.23569622424169068
Cell Painting, ECFP4 fingerprints	10047967	0.5811965811965811	0.1712766720760776
Cell Painting, ECFP4 fingerprints	10014418	0.5076380728554641	0.18931961131470104
Cell Painting, ECFP4 fingerprints	10050380	0.7143939393939394	0.33977409085253596
Cell Painting, ECFP4 fingerprints	10008469	0.4112021857923497	0.0787742799340917
Cell Painting, ECFP4 fingerprints	10001076	0.5608974358974359	0.22451647566276467
Cell Painting, ECFP4 fingerprints	10037394	0.4793388429752067	0.09862671888539709
Cell Painting, ECFP4 fingerprints	10020751	0.6252771618625277	0.13070407826166144
Cell Painting, ECFP4 fingerprints	10051055	0.6495901639344263	0.1467493976229194
Cell Painting, ECFP4 fingerprints	10077804	0.5444743935309972	0.30488911093211873
Cell Painting, ECFP4 fingerprints	10019670	0.5121281464530892	0.20686117043580546
Cell Painting, ECFP4 fingerprints	10037469	0.6206896551724138	0.23311718282001992
Cell Painting, ECFP4 fingerprints	10008479	0.64375	0.2756066648901445
Cell Painting, ECFP4 fingerprints	10058818	0.5890350877192982	0.2970901225927103
Cell Painting, ECFP4 fingerprints	10061877	0.5294117647058824	0.19343657808958611
Cell Painting, ECFP4 fingerprints	10077989	0.4932017543859649	0.14586241357479746
Cell Painting, ECFP4 fingerprints	10074170	0.646551724137931	0.21001841884989592
Cell Painting, ECFP4 fingerprints	10046614	0.6173076923076923	0.11655416369182839
Cell Painting, ECFP4 fingerprints	10025188	0.5011086474501109	0.09527026768455242
Cell Painting, ECFP4 fingerprints	10011640	0.6430367018602312	0.22882470479090497
Cell Painting, ECFP4 fingerprints	10020993	0.6515555555555554	0.13862422057227272
Cell Painting, ECFP4 fingerprints	10018767	0.5	0.04477611940298507
Cell Painting, ECFP4 fingerprints	10021133	0.5842339478703116	0.11786076936769353
Cell Painting, ECFP4 fingerprints	10022112	0.5	0.014925373134328358
Cell Painting, ECFP4 fingerprints	10013774	0.611764705882353	0.16805581969310815
Cell Painting, ECFP4 fingerprints	10043561	0.5265151515151515	0.023863636363636365
Cell Painting, ECFP4 fingerprints	10005464	0.6290983606557377	0.18341015551016654
Cell Painting, ECFP4 fingerprints	10037128	0.6564207650273224	0.474460582649748
Cell Painting, ECFP4 fingerprints	10033433	0.5589490968801314	0.2845341965636742
Cell Painting, ECFP4 fingerprints	10006582	0.5408163265306123	0.3073875125711707
Cell Painting, ECFP4 fingerprints	10034181	0.5745614035087719	0.199549815357495
Cell Painting, ECFP4 fingerprints	10052820	0.6462984723854289	0.24744324280882607
Cell Painting, ECFP4 fingerprints	10036206	0.5	0.05970149253731343
Cell Painting, ECFP4 fingerprints	10021518	0.5430911680911681	0.22601089870583696
Cell Painting, ECFP4 fingerprints	10051398	0.5	0.05223880597014925
Cell Painting, ECFP4 fingerprints	10029783	0.5186781609195402	0.14749806183264622
Cell Painting, ECFP4 fingerprints	10061621	0.6005602240896358	0.1373788547041026
Cell Painting, ECFP4 fingerprints	10018691	0.5041322314049588	0.10673688835361043
Cell Painting, ECFP4 fingerprints	10034960	0.6285714285714286	0.2326838599948955
Cell Painting, ECFP4 fingerprints	10063743	0.5832354093223658	0.210281703346959
Cell Painting, ECFP4 fingerprints	10020919	0.5469298245614036	0.18929372826096427
Cell Painting, ECFP4 fingerprints	10056430	0.6130043086564826	0.3299890141124711
Cell Painting, ECFP4 fingerprints	10024264	0.43420216147488877	0.08820224091448849
Cell Painting, ECFP4 fingerprints	10052251	0.4542349726775956	0.10599462551452891
Cell Painting, ECFP4 fingerprints	10033079	0.6162280701754387	0.35363408889408277
Cell Painting, ECFP4 fingerprints	10058080	0.5458128078817733	0.2509680940857898
Cell Painting, ECFP4 fingerprints	10017888	0.523112128146453	0.1972136937142212
Cell Painting, ECFP4 fingerprints	10029366	0.4368070953436807	0.1073404962736382
Cell Painting, ECFP4 fingerprints	10041235	0.6432692307692308	0.32234927807614444
Cell Painting, ECFP4 fingerprints	10031009	0.5009792401096749	0.22105383664845932
Cell Painting, ECFP4 fingerprints	10016750	0.5	0.21499743041063982
Cell Painting, ECFP4 fingerprints	10045458	0.7288515406162466	0.25377447066612197
Cell Painting, ECFP4 fingerprints	10042858	0.46428571428571425	0.15975663675815438
Cell Painting, ECFP4 fingerprints	10027880	0.49650349650349646	0.10685635166948643
Cell Painting, ECFP4 fingerprints	10047700	0.4351190476190476	0.09759011530347633
Cell Painting, ECFP4 fingerprints	10052230	0.2787698412698413	0.045833823986077084
Cell Painting, ECFP4 fingerprints	10027599	0.6541313559322034	0.21327046015388296
Cell Painting, ECFP4 fingerprints	10013554	0.5416666666666666	0.29764468846440556
Cell Painting, ECFP4 fingerprints	10035623	0.4420214607130495	0.17991728843905674
Cell Painting, ECFP4 fingerprints	10020705	0.5252643948296122	0.22425815500921192
Cell Painting, ECFP4 fingerprints	10051589	0.6528799019607843	0.3428399224979627
Cell Painting, ECFP4 fingerprints	10081792	0.6158854166666667	0.08150584298854172
Cell Painting, ECFP4 fingerprints	10033645	0.6517857142857144	0.27764839257477125
Cell Painting, ECFP4 fingerprints	10036628	0.4882478632478633	0.22333883891420434
Cell Painting, ECFP4 fingerprints	10043967	0.5787139689578714	0.20308614457397517
Cell Painting, ECFP4 fingerprints	10005483	0.6188797493145319	0.2712494235440391
Cell Painting, ECFP4 fingerprints	10054813	0.5644230769230769	0.3121357815459549
Cell Painting, ECFP4 fingerprints	10016173	0.5356060606060606	0.22750337830123207
Cell Painting, ECFP4 fingerprints	10061354	0.5	0.1044776119402985
Cell Painting, ECFP4 fingerprints	10068879	0.6817777777777778	0.1462075451541774
Cell Painting, ECFP4 fingerprints	10077605	0.6054824561403509	0.20461999457048272
Cell Painting, ECFP4 fingerprints	10061246	0.7076470588235294	0.3998119345750987
Cell Painting, ECFP4 fingerprints	10002511	0.518947698089571	0.2328458448055073
Cell Painting, ECFP4 fingerprints	10016029	0.7777777777777778	0.4146050507486597
Cell Painting, ECFP4 fingerprints	10010214	0.5027573529411765	0.26785383722487544
Cell Painting, ECFP4 fingerprints	10003591	0.5131652661064425	0.1439405919811542
Cell Painting, ECFP4 fingerprints	10025080	0.606578947368421	0.19878764613552027
Cell Painting, ECFP4 fingerprints	10048799	0.5347376201034737	0.1476145494070859
Cell Painting, ECFP4 fingerprints	10061664	0.6434426229508197	0.1607055052465092
Cell Painting, ECFP4 fingerprints	10020947	0.4779693486590038	0.13871739006939493
Cell Painting, ECFP4 fingerprints	10040070	0.5622018348623853	0.21214969706950748
Cell Painting, ECFP4 fingerprints	10005724	0.6627257799671593	0.3502874611650951
Cell Painting, ECFP4 fingerprints	10042434	0.7221869040050859	0.3036919394153944
Cell Painting, ECFP4 fingerprints	10043224	0.5424242424242425	0.20169369192143227
Cell Painting, ECFP4 fingerprints	10014625	0.3823051948051948	0.13011526099771603
Cell Painting, ECFP4 fingerprints	10003598	0.5171717171717172	0.3373033883027091
Cell Painting, ECFP4 fingerprints	10059570	0.5083333333333333	0.21341652543458556
Cell Painting, ECFP4 fingerprints	10061728	0.5403846153846155	0.2479332300791095
Cell Painting, ECFP4 fingerprints	10058839	0.6138771186440678	0.16542888180602736
Cell Painting, ECFP4 fingerprints	10040829	0.38151041666666663	0.03991959491388631
Cell Painting, ECFP4 fingerprints	10070878	0.6083603896103896	0.2197827876682458
Cell Painting, ECFP4 fingerprints	10048858	0.6561085972850679	0.279470972536285
Cell Painting, ECFP4 fingerprints	10003840	0.7345132743362831	0.32805862274107767
Cell Painting, ECFP4 fingerprints	10009033	0.6036324786324787	0.26650149748001406
Cell Painting, ECFP4 fingerprints	10002016	0.5657978385251112	0.10814234964652428
Cell Painting, ECFP4 fingerprints	10040872	0.5446428571428572	0.2269390027106947
Cell Painting, ECFP4 fingerprints	10021531	0.5333333333333333	0.1249313687385166
Cell Painting, ECFP4 fingerprints	10021097	0.6171052631578947	0.2590241653784988
Cell Painting, ECFP4 fingerprints	10037870	0.5461065573770492	0.1227614584371938
Cell Painting, ECFP4 fingerprints	10051078	0.688440366972477	0.38012474769078197
Cell Painting, ECFP4 fingerprints	10005364	0.39517345399698345	0.10555808431761278
Cell Painting, ECFP4 fingerprints	10058920	0.500195848021935	0.21270609466084894
Cell Painting, ECFP4 fingerprints	10018814	0.6177833965444585	0.23651618053708823
Cell Painting, ECFP4 fingerprints	10006445	0.5304555084745762	0.16074429114933197
Cell Painting, ECFP4 fingerprints	10023676	0.6586666666666667	0.16062927503807675
Cell Painting, ECFP4 fingerprints	10051818	0.6931818181818181	0.27011987968225704
Cell Painting, ECFP4 fingerprints	10001053	0.5747549019607843	0.3574986013419945
Cell Painting, ECFP4 fingerprints	10037014	0.5661740558292283	0.312051099787761
Cell Painting, ECFP4 fingerprints	10040752	0.5647706422018348	0.26597999952327406
Cell Painting, ECFP4 fingerprints	10053425	0.5	0.022388059701492536
Cell Painting, ECFP4 fingerprints	10034341	0.6068376068376068	0.18126641158399148
Cell Painting, ECFP4 fingerprints	10003119	0.6806722689075629	0.3371404230986086
Cell Painting, ECFP4 fingerprints	10048959	0.5764966740576497	0.13577391818615014
Cell Painting, ECFP4 fingerprints	10050396	0.619047619047619	0.21145048525365828
Cell Painting, ECFP4 fingerprints	10005802	0.6403133903133904	0.2999507701164838
Cell Painting, ECFP4 fingerprints	10019727	0.6467110125646711	0.12679469357707432
Cell Painting, ECFP4 fingerprints	10049694	0.5684403669724771	0.40716857468207124
Cell Painting, ECFP4 fingerprints	10028641	0.5651483050847457	0.16647378947775665
Cell Painting, ECFP4 fingerprints	10041807	0.5717213114754098	0.1326594482102673
Cell Painting, ECFP4 fingerprints	10012442	0.5644444444444445	0.0938327333282228
Cell Painting, ECFP4 fingerprints	10003055	0.7102222222222222	0.14468967407252026
Cell Painting, ECFP4 fingerprints	10049088	0.6044117647058824	0.36504575220359753
Cell Painting, ECFP4 fingerprints	10019708	0.5668308702791461	0.301832027528413
Cell Painting, ECFP4 fingerprints	10018838	0.46617647058823525	0.24979915577888717
Cell Painting, ECFP4 fingerprints	10038435	0.5982598259825982	0.3458351910053581
Cell Painting, ECFP4 fingerprints	10019196	0.6210526315789473	0.2254350526120329
Cell Painting, ECFP4 fingerprints	10020903	0.6793032786885246	0.2986281103230196
Cell Painting, ECFP4 fingerprints	10020508	0.379587732528909	0.10424826542616947
Cell Painting, ECFP4 fingerprints	10029412	0.6173669467787114	0.234154921707294
Cell Painting, ECFP4 fingerprints	10002544	0.5130434782608695	0.16905474377825475
Cell Painting, ECFP4 fingerprints	10024670	0.42584745762711873	0.10750295169430221
Cell Painting, ECFP4 fingerprints	10016936	0.5555555555555556	0.09224476048061833
Cell Painting, ECFP4 fingerprints	10073508	0.6487603305785123	0.18540355758432467
Cell Painting, ECFP4 fingerprints	10025197	0.5155555555555555	0.08393297124524532
Cell Painting, ECFP4 fingerprints	10022437	0.6451271186440678	0.21639623178764023
Cell Painting, ECFP4 fingerprints	10051728	0.555052790346908	0.15613949697232732
Cell Painting, ECFP4 fingerprints	10053505	0.4564526382708201	0.09345350313120449
Cell Painting, ECFP4 fingerprints	10025005	0.625522429646141	0.41881290380747815
Cell Painting, ECFP4 fingerprints	10034754	0.5984251968503936	0.10685397340754484
Cell Painting, ECFP4 fingerprints	10012174	0.5613004308656482	0.2652133579967334
Cell Painting, ECFP4 fingerprints	10014962	0.566149297856615	0.10182286059030593
Cell Painting, ECFP4 fingerprints	10035734	0.587962962962963	0.24212461354068388
Cell Painting, ECFP4 fingerprints	10037867	0.7860465116279071	0.34693396226415096
Cell Painting, ECFP4 fingerprints	10050217	0.6700379266750948	0.27035695243228836
Cell Painting, ECFP4 fingerprints	10034721	0.6033182503770739	0.181530585110664
Cell Painting, ECFP4 fingerprints	10017693	0.6329519450800916	0.21312280508407094
Cell Painting, ECFP4 fingerprints	10047115	0.6941207627118644	0.27398214331024806
Cell Painting, ECFP4 fingerprints	10012378	0.6242562929061785	0.1783202294248521
Cell Painting, ECFP4 fingerprints	10008612	0.4728070175438596	0.1417591273967811
Cell Painting, ECFP4 fingerprints	10037400	0.6587155963302752	0.3565192277024167
Cell Painting, ECFP4 fingerprints	10047942	0.801923076923077	0.1120373820168902
Cell Painting, ECFP4 fingerprints	10015145	0.6737907761529809	0.1033250745121435
Cell Painting, ECFP4 fingerprints	10056342	0.5545500251382605	0.14711747685397297
Cell Painting, ECFP4 fingerprints	10025327	0.5457777777777778	0.07778085304089608
Cell Painting, ECFP4 fingerprints	10046306	0.5185185185185185	0.22275733031761125
Cell Painting, ECFP4 fingerprints	10003504	0.6284090909090909	0.2548258211415438
Cell Painting, ECFP4 fingerprints	10034636	0.7163461538461539	0.44057042681514386
Cell Painting, ECFP4 fingerprints	10057668	0.5751915708812261	0.2443393666245885
Cell Painting, ECFP4 fingerprints	10043744	0.5331807780320366	0.2296802037348969
Cell Painting, ECFP4 fingerprints	10015150	0.5546666666666666	0.09528419083452047
Cell Painting, ECFP4 fingerprints	10026865	0.44968220338983045	0.12842175273498035
Cell Painting, ECFP4 fingerprints	10030216	0.45299145299145294	0.11577375431151493
Cell Painting, ECFP4 fingerprints	10006482	0.6903178122690319	0.4067864664607861
Cell Painting, ECFP4 fingerprints	10048709	0.4009533898305085	0.10853703192037503
Cell Painting, ECFP4 fingerprints	10019851	0.344206974128234	0.043515605979715904
Cell Painting, ECFP4 fingerprints	10039101	0.4740437158469945	0.1537164655828852
Cell Painting, ECFP4 fingerprints	10029164	0.5853658536585366	0.11879501315080024
Cell Painting, ECFP4 fingerprints	10053156	0.5307203389830508	0.13178531373185665
Cell Painting, ECFP4 fingerprints	10070052	0.48323754789272033	0.14474753085488987
Cell Painting, ECFP4 fingerprints	10038153	0.4692982456140351	0.24176044664069224
Cell Painting, ECFP4 fingerprints	10029151	0.5624755189972581	0.21559070109139822
Cell Painting, ECFP4 fingerprints	10054265	0.4681922196796338	0.14019501030039896
Cell Painting, ECFP4 fingerprints	10003668	0.5649122807017544	0.16785078651202878
Cell Painting, ECFP4 fingerprints	10028625	0.5587863463969659	0.17410925319972426
Cell Painting, ECFP4 fingerprints	10035618	0.5759103641456582	0.1538248814228534
Cell Painting, ECFP4 fingerprints	10003988	0.608955938697318	0.28159382986767567
Cell Painting, ECFP4 fingerprints	10061529	0.5665708812260537	0.1719068375393722
Cell Painting, ECFP4 fingerprints	10015037	0.5496031746031746	0.11785117019719707
Cell Painting, ECFP4 fingerprints	10046861	0.5	0.04477611940298507
Cell Painting, ECFP4 fingerprints	10008629	0.6061320754716981	0.2603256230205836
Cell Painting, ECFP4 fingerprints	10024855	0.5919540229885059	0.2299842917827558
Cell Painting, ECFP4 fingerprints	10047302	0.6311986863711001	0.39734899379779853
Cell Painting, ECFP4 fingerprints	10038743	0.6997126436781609	0.404326222119331
Cell Painting, ECFP4 fingerprints	10015543	0.596185064935065	0.1933532534419392
Cell Painting, ECFP4 fingerprints	10014363	0.7370129870129871	0.313089852859428
Cell Painting, ECFP4 fingerprints	10051482	0.6714285714285714	0.23029569204507752
Cell Painting, ECFP4 fingerprints	10001497	0.695045871559633	0.3509889373796084
Cell Painting, ECFP4 fingerprints	10014561	0.5965909090909092	0.27847812683875256
Cell Painting, ECFP4 fingerprints	10044314	0.5575221238938053	0.1734616137949498
Cell Painting, ECFP4 fingerprints	10005596	0.6364145658263305	0.16198152761407797
Cell Painting, ECFP4 fingerprints	10004137	0.6359649122807017	0.2944190154470934
Cell Painting, ECFP4 fingerprints	10005906	0.46916719643992366	0.165980604398699
Cell Painting, ECFP4 fingerprints	10000614	0.461441213653603	0.149443473075622
Cell Painting, ECFP4 fingerprints	10021015	0.503917378917379	0.35001534498707004
Cell Painting, ECFP4 fingerprints	10000097	0.5090996168582376	0.13701446580115303
Cell Painting, ECFP4 fingerprints	10003997	0.5166470818644732	0.18176156491128315
Cell Painting, ECFP4 fingerprints	10023232	0.4382222222222222	0.08445715443080253
Cell Painting, ECFP4 fingerprints	10002388	0.5706385118149825	0.23793519627026974
Cell Painting, ECFP4 fingerprints	10030154	0.5063559322033897	0.15354500216285244
Cell Painting, ECFP4 fingerprints	10028347	0.6017857142857143	0.1700894028851222
Cell Painting, ECFP4 fingerprints	10020823	0.5602272727272728	0.2767180388073837
Cell Painting, ECFP4 fingerprints	10049571	0.492436974789916	0.11359441517140514
Cell Painting, ECFP4 fingerprints	10067868	0.6590909090909092	0.03681177976952625
Cell Painting, ECFP4 fingerprints	10062060	0.5888480392156863	0.27500865374108335
Cell Painting, ECFP4 fingerprints	10037423	0.5337121212121212	0.25969400196279646
Cell Painting, ECFP4 fingerprints	10005956	0.620228475898579	0.35026712258002113
Cell Painting, ECFP4 fingerprints	10001488	0.657703081232493	0.2570886416644931
Cell Painting, ECFP4 fingerprints	10003285	0.45511111111111113	0.06821987998966458
Cell Painting, ECFP4 fingerprints	10017944	0.356	0.05363069723782066
Cell Painting, ECFP4 fingerprints	10047924	0.4047259929612871	0.10706681027731219
Cell Painting, ECFP4 fingerprints	10028330	0.8210526315789473	0.5676666776880466
Cell Painting, ECFP4 fingerprints	10060945	0.6073403720462545	0.27966989728847197
Cell Painting, ECFP4 fingerprints	10043994	0.5277310924369748	0.12837646993108975
Cell Painting, ECFP4 fingerprints	10029368	0.4810483870967741	0.07832198584786859
Cell Painting, ECFP4 fingerprints	10053405	0.6814678899082568	0.43258812897403837
Cell Painting, ECFP4 fingerprints	10009192	0.6038210155857214	0.22370309279320869
Cell Painting, ECFP4 fingerprints	10018836	0.5668883961566888	0.15626607682020216
Cell Painting, ECFP4 fingerprints	10002383	0.6344564526382709	0.2245023566291067
Cell Painting, ECFP4 fingerprints	10063550	0.6641737891737892	0.3535066562822027
Cell Painting, ECFP4 fingerprints	10025282	0.4776315789473684	0.13826164626923407
Cell Painting, ECFP4 fingerprints	10018286	0.6415284062342885	0.23992446994079802
Cell Painting, ECFP4 fingerprints	10010071	0.6994495412844037	0.4633707216592489
Cell Painting, ECFP4 fingerprints	10011831	0.5	0.1044776119402985
Cell Painting, ECFP4 fingerprints	10028735	0.402069475240207	0.1099073575558821
Cell Painting, ECFP4 fingerprints	10050637	0.5011086474501107	0.22011746138482477
Cell Painting, ECFP4 fingerprints	10043089	0.7073412698412698	0.33917173252279637
Cell Painting, ECFP4 fingerprints	10040984	0.5470085470085471	0.16957220120375244
Cell Painting, ECFP4 fingerprints	10066758	0.5890613451589062	0.12333795200249467
Cell Painting, ECFP4 fingerprints	10035664	0.5294237012987013	0.1685456768903433
Cell Painting, ECFP4 fingerprints	10034972	0.8322246858832225	0.3296252366313461
Cell Painting, ECFP4 fingerprints	10014387	0.6032119075597338	0.28050207506604025
Cell Painting, ECFP4 fingerprints	10085256	0.6231111111111112	0.09390184396612103
Cell Painting, ECFP4 fingerprints	10019617	0.6170634920634921	0.14192390901171295
Cell Painting, ECFP4 fingerprints	10002974	0.6681500317863955	0.22838979846862661
Cell Painting, ECFP4 fingerprints	10065553	0.6279761904761905	0.1426885024812875
Cell Painting, ECFP4 fingerprints	10002948	0.4023809523809524	0.09319837193496253
Cell Painting, ECFP4 fingerprints	10029216	0.6392857142857143	0.16954999830551215
Cell Painting, ECFP4 fingerprints	10005850	0.643452380952381	0.1660581305499295
Cell Painting, ECFP4 fingerprints	10002917	0.6442048517520215	0.340583560550634
Cell Painting, ECFP4 fingerprints	10061744	0.6118836915297092	0.2088938348949501
Cell Painting, ECFP4 fingerprints	10027459	0.5	0.06716417910447761
Cell Painting, ECFP4 fingerprints	10048962	0.4272091544818818	0.11950915560043238
Cell Painting, ECFP4 fingerprints	10037377	0.6951612903225807	0.12371211773329863
Cell Painting, ECFP4 fingerprints	10038669	0.4715447154471545	0.07984607646755043
Cell Painting, ECFP4 fingerprints	10011971	0.6415441176470589	0.3719976463552568
Cell Painting, ECFP4 fingerprints	10018651	0.5764966740576496	0.10278030397962877
Cell Painting, ECFP4 fingerprints	10059895	0.5651074589127686	0.22229752644675232
Cell Painting, ECFP4 fingerprints	10057840	0.7315789473684211	0.2611017488603449
Cell Painting, ECFP4 fingerprints	10043873	0.5707011359185272	0.3272116616675946
Cell Painting, ECFP4 fingerprints	10018916	0.6963298139768727	0.3040210637714207
Cell Painting, ECFP4 fingerprints	10003673	0.6309523809523809	0.22998813827380052
Cell Painting, ECFP4 fingerprints	10002915	0.556697247706422	0.23958899859079846
Cell Painting, ECFP4 fingerprints	10013864	0.5935926773455378	0.23974944917411822
Cell Painting, ECFP4 fingerprints	10049119	0.4759725400457666	0.13308055161476112
Cell Painting, ECFP4 fingerprints	10003549	0.45161290322580644	0.07180113691258122
Cell Painting, ECFP4 fingerprints	10037383	0.586864406779661	0.2905563357472274
Cell Painting, ECFP4 fingerprints	10035731	0.3903369357914812	0.08050026721227489
Cell Painting, ECFP4 fingerprints	10013950	0.6342105263157896	0.2781643697933545
Cell Painting, ECFP4 fingerprints	10044221	0.3086309523809524	0.07725073909421887
Cell Painting, ECFP4 fingerprints	10019754	0.4649859943977591	0.10900848319096608
Cell Painting, ECFP4 fingerprints	10049199	0.5703551912568307	0.21182083118905462
Cell Painting, ECFP4 fingerprints	10022970	0.6458333333333334	0.2533592376306252
Cell Painting, ECFP4 fingerprints	10008096	0.5482456140350876	0.35179529497553386
Cell Painting, ECFP4 fingerprints	10007636	0.47982765374069725	0.2706252700616518
Cell Painting, ECFP4 fingerprints	10014011	0.555614406779661	0.2019294723825662
Cell Painting, ECFP4 fingerprints	10047290	0.5913072776280324	0.3613976291378572
Cell Painting, ECFP4 fingerprints	10058019	0.5295194508009153	0.15512955134735332
Cell Painting, ECFP4 fingerprints	10005425	0.5990384615384615	0.321221030679894
Cell Painting, ECFP4 fingerprints	10024378	0.5578947368421052	0.2381796863646832
Cell Painting, ECFP4 fingerprints	10021083	0.6240421455938697	0.17169617348767446
Cell Painting, ECFP4 fingerprints	10009887	0.516629711751663	0.09526607975886003
Cell Painting, ECFP4 fingerprints	10018867	0.5881147540983607	0.14189428109397995
Cell Painting, ECFP4 fingerprints	10050585	0.5648256952604779	0.20939502228026813
Cell Painting, ECFP4 fingerprints	10037844	0.7303571428571429	0.3867009194648946
Cell Painting, ECFP4 fingerprints	10018964	0.5708836617927526	0.13614419759858967
Cell Painting, ECFP4 fingerprints	10034277	0.5918626827717737	0.16690880582533835
Cell Painting, ECFP4 fingerprints	10033316	0.6837431693989071	0.1920307574591734
Cell Painting, ECFP4 fingerprints	10016825	0.7758064516129033	0.2024457517034537
Cell Painting, ECFP4 fingerprints	10035759	0.5401785714285714	0.18211003092433242
Cell Painting, ECFP4 fingerprints	10023215	0.35858050847457623	0.09590184648979128
Cell Painting, ECFP4 fingerprints	10041953	0.5715555555555556	0.0878038098126161
Cell Painting, ECFP4 fingerprints	10012607	0.6461748633879781	0.1591176992944912
Cell Painting, ECFP4 fingerprints	10014945	0.534427966101695	0.14180782275902304
Cell Painting, ECFP4 fingerprints	10002198	0.6711111111111111	0.27554025914390323
Cell Painting, ECFP4 fingerprints	10013990	0.7310870947234583	0.24598443352313318
Cell Painting, ECFP4 fingerprints	10060991	0.6098039215686275	0.2455053914341398
Cell Painting, ECFP4 fingerprints	10019641	0.6265466816647918	0.1668294687388306
Cell Painting, ECFP4 fingerprints	10041962	0.5928888888888889	0.11666108271670954
Cell Painting, ECFP4 fingerprints	10000880	0.5	0.05223880597014925
Cell Painting, ECFP4 fingerprints	10018429	0.5680166147455867	0.27101408569282825
Cell Painting, ECFP4 fingerprints	10004146	0.6347338935574229	0.24223990021300626
Cell Painting, ECFP4 fingerprints	10039085	0.5557598039215687	0.2645983698516229
Cell Painting, ECFP4 fingerprints	10020937	0.5887978142076502	0.13981580577810324
Cell Painting, ECFP4 fingerprints	10084058	0.5847457627118644	0.19051470748298657
Cell Painting, ECFP4 fingerprints	10013002	0.6524770642201835	0.26832524879293485
Cell Painting, ECFP4 fingerprints	10062244	0.5337719298245615	0.22338336506177703
Cell Painting, ECFP4 fingerprints	10005736	0.6264454499748617	0.16148717061728776
Cell Painting, ECFP4 fingerprints	10002906	0.6128246753246753	0.34403442189465805
Cell Painting, ECFP4 fingerprints	10009137	0.6121212121212121	0.42181509687695745
Cell Painting, ECFP4 fingerprints	10018735	0.6586224233283057	0.2092891014921117
Cell Painting, ECFP4 fingerprints	10043827	0.35773809523809524	0.08603443729312572
Cell Painting, ECFP4 fingerprints	10070488	0.48622881355932207	0.1250241631102626
Cell Painting, ECFP4 fingerprints	10011219	0.5569401176877813	0.22176584296182578
Cell Painting, ECFP4 fingerprints	10014950	0.48832951945080083	0.15428303252303283
Cell Painting, ECFP4 fingerprints	10042209	0.6056818181818182	0.24354822677717064
Cell Painting, ECFP4 fingerprints	10027457	0.5	0.07462686567164178
Cell Painting, ECFP4 fingerprints	10014062	0.5333686440677966	0.17998718955821896
Cell Painting, ECFP4 fingerprints	10006895	0.5595238095238095	0.0829761719114681
Cell Painting, ECFP4 fingerprints	10039020	0.6922824302134647	0.3544554740965669
Cell Painting, ECFP4 fingerprints	10014866	0.5195861049519586	0.11904782573284522
Cell Painting, ECFP4 fingerprints	10019692	0.5240206947524021	0.0900031062976115
Cell Painting, ECFP4 fingerprints	10007882	0.5606617647058824	0.29164541503358143
Cell Painting, ECFP4 fingerprints	10031161	0.5408866995073892	0.23757811764331088
Cell Painting, ECFP4 fingerprints	10072268	0.4745011086474501	0.08208627175205627
Cell Painting, ECFP4 fingerprints	10020603	0.4885964912280702	0.1860012631871893
Cell Painting, ECFP4 fingerprints	10008120	0.5725400457665903	0.18088025232056615
Cell Painting, ECFP4 fingerprints	10007697	0.6116071428571429	0.22343815275912512
Cell Painting, ECFP4 fingerprints	10037032	0.5373244641537325	0.19230375117127435
Cell Painting, ECFP4 fingerprints	10017068	0.5153256704980843	0.15274249600221265
Cell Painting, ECFP4 fingerprints	10013839	0.6816939890710383	0.25917572239484227
Cell Painting, ECFP4 fingerprints	10034016	0.5824094604582408	0.1580057066946056
Cell Painting, ECFP4 fingerprints	10016766	0.6263020833333333	0.12539269253099572
Cell Painting, ECFP4 fingerprints	10015488	0.6394230769230769	0.3686563009774132
Cell Painting, ECFP4 fingerprints	10019465	0.631547619047619	0.15843165455564906
Cell Painting, ECFP4 fingerprints	10005757	0.5511904761904762	0.1483600739761936
Cell Painting, ECFP4 fingerprints	10007687	0.5178571428571428	0.2735209484037599
Cell Painting, ECFP4 fingerprints	10028411	0.5493333333333333	0.30332732210108604
Cell Painting, ECFP4 fingerprints	10011703	0.481547619047619	0.2173115963593269
Cell Painting, ECFP4 fingerprints	10027730	0.5633903133903133	0.2708575913323765
Cell Painting, ECFP4 fingerprints	10041660	0.5133196721311475	0.09711120760059641
Cell Painting, ECFP4 fingerprints	10009346	0.5863095238095238	0.20455121596093448
Cell Painting, ECFP4 fingerprints	10037391	0.6051136363636364	0.21337846676730948
Cell Painting, ECFP4 fingerprints	10040979	0.5093340763443857	0.3246658277927105
Cell Painting, ECFP4 fingerprints	10033078	0.5087121212121212	0.22002677093039252
Cell Painting, ECFP4 fingerprints	10020772	0.6542145593869731	0.23372163225965817
Cell Painting, ECFP4 fingerprints	10017853	0.6159957627118644	0.34729395306245814
Cell Painting, ECFP4 fingerprints	10052015	0.5	0.07462686567164178
Cell Painting, ECFP4 fingerprints	10008313	0.677504105090312	0.32984179160215643
Cell Painting, ECFP4 fingerprints	10013700	0.5854341736694678	0.18363428072904717
Cell Painting, ECFP4 fingerprints	10069690	0.6045604560456046	0.32046196253176007
Cell Painting, ECFP4 fingerprints	10001029	0.4782838983050848	0.12735649101339158
Cell Painting, ECFP4 fingerprints	10009866	0.5399325084364455	0.06629072086125405
Cell Painting, ECFP4 fingerprints	10020910	0.5982222222222222	0.10810587850794512
Cell Painting, ECFP4 fingerprints	10016642	0.5727272727272728	0.25458233340078384
Cell Painting, ECFP4 fingerprints	10014408	0.6202107279693486	0.19986365190509522
Cell Painting, ECFP4 fingerprints	10037802	0.482837528604119	0.14499287041878178
Cell Painting, ECFP4 fingerprints	10019114	0.6823770491803278	0.17712772959269968
Cell Painting, ECFP4 fingerprints	10002199	0.7333333333333334	0.3844659185330827
Cell Painting, ECFP4 fingerprints	10024968	0.5130208333333334	0.07050941637338695
Cell Painting, ECFP4 fingerprints	10020942	0.4798276537406972	0.17291340073025585
Cell Painting, ECFP4 fingerprints	10017955	0.682258064516129	0.2142231285254436
Cell Painting, ECFP4 fingerprints	10003239	0.6731770833333333	0.09921232731587422
Cell Painting, ECFP4 fingerprints	10007586	0.5956780457250235	0.305642823816954
Cell Painting, ECFP4 fingerprints	10047461	0.553501400560224	0.14730828600688134
Cell Painting, ECFP4 fingerprints	10020711	0.45354691075514875	0.16767549959866884
Cell Painting, ECFP4 fingerprints	10071583	0.6275555555555554	0.15887526265587407
Cell Painting, ECFP4 fingerprints	10020094	0.6300042140750106	0.2538136464227199
Cell Painting, ECFP4 fingerprints	10013654	0.6230598669623061	0.22514861812122489
Cell Painting, ECFP4 fingerprints	10037596	0.5513771186440678	0.13576217249738518
Cell Painting, ECFP4 fingerprints	10038678	0.5956284153005464	0.19323717834798193
Cell Painting, ECFP4 fingerprints	10015993	0.7011904761904761	0.2915175597098052
Cell Painting, ECFP4 fingerprints	10080284	0.43255813953488376	0.03819101170276895
Cell Painting, ECFP4 fingerprints	10041591	0.49689608636977056	0.28787909231139336
Cell Painting, ECFP4 fingerprints	10037569	0.6137071651090342	0.3100903398579429
Cell Painting, ECFP4 fingerprints	10003011	0.5	0.08955223880597014
Cell Painting, ECFP4 fingerprints	10047943	0.5026315789473685	0.1802079742916227
Cell Painting, ECFP4 fingerprints	10013538	0.5456140350877193	0.22663242900054398
Cell Painting, ECFP4 fingerprints	10016100	0.6749999999999999	0.28298374357447137
Cell Painting, ECFP4 fingerprints	10029263	0.6475877192982457	0.3178245788667483
Cell Painting, ECFP4 fingerprints	10006811	0.6144614461446144	0.31859734310532095
Cell Painting, ECFP4 fingerprints	10028570	0.5324283559577678	0.14514423546362976
Cell Painting, ECFP4 fingerprints	10013082	0.5557692307692308	0.1542517006802721
Cell Painting, ECFP4 fingerprints	10012318	0.5925925925925926	0.2398049984984472
Cell Painting, ECFP4 fingerprints	10058267	0.6488095238095237	0.2476532919556712
Cell Painting, ECFP4 fingerprints	10016946	0.662568306010929	0.17614735750796648
Cell Painting, ECFP4 fingerprints	10027468	0.5503634475597092	0.2188445501232384
Cell Painting, ECFP4 fingerprints	10040739	0.5833333333333334	0.21288291010244612
Cell Painting, ECFP4 fingerprints	10023149	0.6143994461751471	0.2810236102913889
Cell Painting, ECFP4 fingerprints	10036376	0.4451754385964912	0.14028135972113803
Cell Painting, ECFP4 fingerprints	10031123	0.5806239737274219	0.3299294708527021
Cell Painting, ECFP4 fingerprints	10008196	0.519047619047619	0.11312359392620526
Cell Painting, ECFP4 fingerprints	10027566	0.5116525423728813	0.12367544658160433
Cell Painting, ECFP4 fingerprints	10013971	0.5428030303030303	0.23831555657673767
Cell Painting, ECFP4 fingerprints	10013946	0.575136612021858	0.15426339028011551
Cell Painting, ECFP4 fingerprints	10050392	0.5175967823026646	0.1376146988687184
Cell Painting, ECFP4 fingerprints	10036772	0.6762749445676276	0.15319093676926077
Cell Painting, ECFP4 fingerprints	10066218	0.6534090909090908	0.3035675770986346
Cell Painting, ECFP4 fingerprints	10003569	0.6078947368421053	0.21463608547365115
Cell Painting, ECFP4 fingerprints	10055041	0.5508578431372549	0.2599558286986662
Cell Painting, ECFP4 fingerprints	10061880	0.5772477064220183	0.25136442284716853
Cell Painting, ECFP4 fingerprints	10019846	0.4906988436400201	0.16241833312080645
Cell Painting, ECFP4 fingerprints	10038423	0.560880468096963	0.33909155881272496
Cell Painting, ECFP4 fingerprints	10041466	0.6434782608695653	0.29041021441463044
Cell Painting, ECFP4 fingerprints	10019837	0.5190476190476191	0.11241105436532028
Cell Painting, ECFP4 fingerprints	10013496	0.6333333333333333	0.2836223952412228
Cell Painting, ECFP4 fingerprints	10021021	0.6020343293070566	0.1404716183912949
Cell Painting, ECFP4 fingerprints	10023804	0.5	0.1044776119402985
Cell Painting, ECFP4 fingerprints	10040560	0.5480140774258422	0.1617771527895757
Cell Painting, ECFP4 fingerprints	10019468	0.45676274944567624	0.13950325815998774
Cell Painting, ECFP4 fingerprints	10002918	0.5636904761904762	0.2639858207353821
Cell Painting, ECFP4 fingerprints	10017581	0.4408888888888889	0.0960704331327576
Cell Painting, ECFP4 fingerprints	10038540	0.526777325399311	0.2377542968084898
Cell Painting, ECFP4 fingerprints	10067621	0.6131479140328697	0.19680373631782952
Cell Painting, ECFP4 fingerprints	10037448	0.5848970251716247	0.2983381865369986
Cell Painting, ECFP4 fingerprints	10053123	0.35966386554621854	0.09027569385030226
Cell Painting, ECFP4 fingerprints	10068319	0.4813333333333333	0.09453886358042422
Cell Painting, ECFP4 fingerprints	10056696	0.5059523809523809	0.06412728651592778
Cell Painting, ECFP4 fingerprints	10028622	0.5699152542372882	0.16004316364826945
Cell Painting, ECFP4 fingerprints	10061521	0.6063454759106932	0.2230593412144219
Cell Painting, ECFP4 fingerprints	10005553	0.6755555555555556	0.11786014690107804
Cell Painting, ECFP4 fingerprints	10042361	0.5843137254901961	0.1464998645263167
Cell Painting, ECFP4 fingerprints	10018304	0.5443989071038251	0.13245752599077223
Cell Painting, ECFP4 fingerprints	10012426	0.5738347042694869	0.26951646106575516
Cell Painting, ECFP4 fingerprints	10027141	0.6605042016806724	0.33126216405967635
Cell Painting, ECFP4 fingerprints	10035528	0.476663961038961	0.2027715940644178
Cell Painting, ECFP4 fingerprints	10022680	0.6254789272030652	0.25091054541377056
Cell Painting, ECFP4 fingerprints	10011953	0.6366525423728814	0.24472559290877907
Cell Painting, ECFP4 fingerprints	10013974	0.4811253561253562	0.2513944459910284
Cell Painting, ECFP4 fingerprints	10008334	0.47368421052631576	0.15297305157226448
Cell Painting, ECFP4 fingerprints	10051837	0.588558352402746	0.2796661509104207
Cell Painting, ECFP4 fingerprints	10011376	0.4717086834733894	0.1058343543840517
Cell Painting, ECFP4 fingerprints	10046571	0.5550332941637289	0.19494478078154392
Cell Painting, ECFP4 fingerprints	10052231	0.48224043715847	0.14256396892384213
Cell Painting, ECFP4 fingerprints	10011803	0.6502154328241285	0.23697915581342754
Cell Painting, ECFP4 fingerprints	10034536	0.6199376947040498	0.3137648866256345
Cell Painting, ECFP4 fingerprints	10060954	0.4642857142857143	0.19467974583915362
Cell Painting, ECFP4 fingerprints	10028116	0.5146666666666666	0.07383530340793344
Cell Painting, ECFP4 fingerprints	10027175	0.590539541759054	0.12401916263917352
Cell Painting, ECFP4 fingerprints	10044223	0.5431266846361187	0.36933681458641987
Cell Painting, ECFP4 fingerprints	10011575	0.5	0.06716417910447761
Cell Painting, ECFP4 fingerprints	10048294	0.5826923076923077	0.34266755977116925
Cell Painting, ECFP4 fingerprints	10050296	0.5545343137254902	0.2867605001839459
Cell Painting, ECFP4 fingerprints	10016450	0.5	0.12686567164179105
Cell Painting, ECFP4 fingerprints	10017822	0.7663865546218487	0.37703424126342316
Cell Painting, ECFP4 fingerprints	10025205	0.5142045454545454	0.254017725731814
Cell Painting, ECFP4 fingerprints	10020578	0.6731991525423728	0.21405977635125034
Cell Painting, ECFP4 fingerprints	10020802	0.47500000000000003	0.12545495788496688
Cell Painting, ECFP4 fingerprints	10038381	0.5827922077922078	0.2351760334579558
Cell Painting, ECFP4 fingerprints	10001854	0.6060920733817929	0.242712403859929
Cell Painting, ECFP4 fingerprints	10037549	0.6245941558441559	0.3103333135474491
Cell Painting, ECFP4 fingerprints	10003210	0.5805580558055805	0.36545405272245607
Cell Painting, ECFP4 fingerprints	10027199	0.60724043715847	0.12610694883368725
Cell Painting, ECFP4 fingerprints	10020843	0.6737053795877325	0.2508096983801324
Cell Painting, ECFP4 fingerprints	10021089	0.6557377049180328	0.1607802377229633
Cell Painting, ECFP4 fingerprints	10031298	0.6074263038548753	0.3627905041286883
Cell Painting, ECFP4 fingerprints	10017865	0.6736842105263158	0.3648146183368883
Cell Painting, ECFP4 fingerprints	10012456	0.5701612903225807	0.12100591743856054
Cell Painting, ECFP4 fingerprints	10061461	0.513888888888889	0.15728132004762996
Cell Painting, ECFP4 fingerprints	10038182	0.467941507311586	0.057739254362265326
Cell Painting, ECFP4 fingerprints	10041955	0.6539473684210526	0.2322545014539454
Cell Painting, ECFP4 fingerprints	10020853	0.6337719298245614	0.231641603342992
Cell Painting, ECFP4 fingerprints	10036105	0.47955555555555557	0.07199443596007031
Cell Painting, ECFP4 fingerprints	10060820	0.5625	0.1423350849972927
Cell Painting, ECFP4 fingerprints	10053459	0.3402777777777778	0.1699994093978366
Cell Painting, ECFP4 fingerprints	10060795	0.5456349206349207	0.075941443064282
Cell Painting, ECFP4 fingerprints	10053198	0.5441595441595442	0.24231822038610865
Cell Painting, ECFP4 fingerprints	10078095	0.6765873015873016	0.4348197410939507
Cell Painting, ECFP4 fingerprints	10061255	0.7495232040686586	0.3652625876945579
Cell Painting, ECFP4 fingerprints	10013395	0.657114127702363	0.2082629732836048
Cell Painting, ECFP4 fingerprints	10039083	0.5955182072829132	0.2267935933752785
Cell Painting, ECFP4 fingerprints	10044640	0.5704787234042553	0.3953126790173377
Cell Painting, ECFP4 fingerprints	10067472	0.43644444444444447	0.0625382350826302
Cell Painting, ECFP4 fingerprints	10005737	0.48690476190476195	0.1289205565694423
Cell Painting, ECFP4 fingerprints	10025482	0.3684895833333333	0.04029527069304049
Cell Painting, ECFP4 fingerprints	10016062	0.5456349206349207	0.08468666130824049
Cell Painting, ECFP4 fingerprints	10048302	0.7645906776341559	0.4400088610772177
Cell Painting, ECFP4 fingerprints	10013968	0.2981770833333333	0.03547304020246725
Cell Painting, ECFP4 fingerprints	10036790	0.3342161016949152	0.12021115117887474
Cell Painting, ECFP4 fingerprints	10005760	0.5424836601307189	0.19668460364170187
Cell Painting, ECFP4 fingerprints	10058151	0.6706929434202162	0.3043678551013999
Cell Painting, ECFP4 fingerprints	10005191	0.7291666666666667	0.14501157472855583
Cell Painting, ECFP4 fingerprints	10030302	0.5450757575757575	0.22455436793925346
Cell Painting, ECFP4 fingerprints	10046572	0.5297092288242731	0.17097060421572544
Cell Painting, ECFP4 fingerprints	10044066	0.6382708200890019	0.17912218465590055
Cell Painting, ECFP4 fingerprints	10051753	0.6294871794871795	0.3964428685928369
Cell Painting, ECFP4 fingerprints	10062042	0.6167487684729064	0.29990815664621817
Cell Painting, ECFP4 fingerprints	10043554	0.6605042016806723	0.25484126479552444
Cell Painting, ECFP4 fingerprints	10067584	0.5734265734265735	0.18714555872051333
Cell Painting, ECFP4 fingerprints	10043521	0.6058743169398907	0.19674860167094585
Cell Painting, ECFP4 fingerprints	10049151	0.5	0.08955223880597014
Cell Painting, ECFP4 fingerprints	10064780	0.6087121212121211	0.25406858428703766
Cell Painting, ECFP4 fingerprints	10009895	0.6250000000000001	0.2188139532657626
Cell Painting, ECFP4 fingerprints	10001507	0.6159957627118644	0.3351040104803613
Cell Painting, ECFP4 fingerprints	10011372	0.33798449612403103	0.031867250270785845
Cell Painting, ECFP4 fingerprints	10002855	0.5930278104191147	0.22141488999409847
Cell Painting, ECFP4 fingerprints	10018830	0.5982199618563255	0.14694258012426548
Cell Painting, ECFP4 fingerprints	10061159	0.4789473684210526	0.18231929861702184
Cell Painting, ECFP4 fingerprints	10034484	0.4693548387096774	0.09388859860899336
Cell Painting, ECFP4 fingerprints	10050219	0.5536945812807882	0.267432696729603
Cell Painting, ECFP4 fingerprints	10050510	0.546672077922078	0.1928995608414257
Cell Painting, ECFP4 fingerprints	10061257	0.58322798145807	0.250379255562868
Cell Painting, ECFP4 fingerprints	10021113	0.41511111111111115	0.11580510502634456
Cell Painting, ECFP4 fingerprints	10049848	0.6767804466919511	0.24841088054341728
Cell Painting, ECFP4 fingerprints	10002073	0.6584410497453976	0.30327335595741267
Cell Painting, ECFP4 fingerprints	10024453	0.5195417789757413	0.24187543028522415
Cell Painting, ECFP4 fingerprints	10000059	0.568	0.11690302968527357
Cell Painting, ECFP4 fingerprints	10019301	0.6214285714285714	0.22758475002766923
Cell Painting, ECFP4 fingerprints	10018358	0.6585365853658536	0.18905315523634875
Cell Painting, ECFP4 fingerprints	10021058	0.6324233716475095	0.3555191545389521
Cell Painting, ECFP4 fingerprints	10028810	0.5403225806451613	0.10984139866839981
Cell Painting, ECFP4 fingerprints	10015688	0.42892156862745096	0.21576052130040108
Cell Painting, ECFP4 fingerprints	10061259	0.5871212121212122	0.23673382428860038
Cell Painting, ECFP4 fingerprints	10050819	0.6545240893066979	0.2658172862858461
Cell Painting, ECFP4 fingerprints	10042772	0.5327102803738317	0.2980625312126065
Cell Painting, ECFP4 fingerprints	10049590	0.5524652338811631	0.2622742634597496
Cell Painting, ECFP4 fingerprints	10014020	0.4234234234234234	0.15679719967703687
Cell Painting, ECFP4 fingerprints	10021333	0.658128078817734	0.37436650140712074
Cell Painting, ECFP4 fingerprints	10034474	0.5499188311688311	0.2970991985108071
Cell Painting, ECFP4 fingerprints	10042604	0.7367424242424242	0.4638228728496487
Cell Painting, ECFP4 fingerprints	10002424	0.5905172413793104	0.27675740848820707
Cell Painting, ECFP4 fingerprints	10003481	0.5857564264643911	0.19596062738773448
Cell Painting, ECFP4 fingerprints	10061428	0.36078431372549014	0.08794760442425906
Cell Painting, ECFP4 fingerprints	10019646	0.5955128205128205	0.4019317663539304
Cell Painting, ECFP4 fingerprints	10011891	0.47030651340996166	0.1837531411989543
Cell Painting, ECFP4 fingerprints	10007515	0.5381373788453434	0.2509062790473682
Cell Painting, ECFP4 fingerprints	10038428	0.4745762711864407	0.11955789760721466
Cell Painting, ECFP4 fingerprints	10061225	0.492816091954023	0.20043982124676069
Cell Painting, ECFP4 fingerprints	10061481	0.6566091954022989	0.3113277384266682
Cell Painting, ECFP4 fingerprints	10007554	0.5483744614179397	0.24402954607632368
Cell Painting, ECFP4 fingerprints	10033318	0.39617486338797814	0.08306704521860507
Cell Painting, ECFP4 fingerprints	10023237	0.460598398651496	0.17218340302383464
Cell Painting, ECFP4 fingerprints	10000087	0.5513673318551366	0.12579768672052527
Cell Painting, ECFP4 fingerprints	10022095	0.5	0.014925373134328358
Cell Painting, ECFP4 fingerprints	10018280	0.5842201834862386	0.301540913059136
Cell Painting, ECFP4 fingerprints	10033661	0.4976822587442057	0.17579625159224965
Cell Painting, ECFP4 fingerprints	10010305	0.6105090311986864	0.36498641197040615
Cell Painting, ECFP4 fingerprints	10051379	0.33077330508474573	0.0910647382648035
Cell Painting, ECFP4 fingerprints	10000060	0.41530054644808745	0.08008179801653736
Cell Painting, ECFP4 fingerprints	10067286	0.6191176470588236	0.3517816069522942
Cell Painting, ECFP4 fingerprints	10028851	0.4784313725490196	0.11735654431867697
Cell Painting, ECFP4 fingerprints	10003658	0.6412878787878789	0.36790384173368607
Cell Painting, ECFP4 fingerprints	10053840	0.5	0.08955223880597014
Cell Painting, ECFP4 fingerprints	10045170	0.5401785714285714	0.21605453546025083
Cell Painting, ECFP4 fingerprints	10000486	0.4776315789473684	0.16394913192882016
Cell Painting, ECFP4 fingerprints	10006580	0.722824302134647	0.4795078763048149
Cell Painting, ECFP4 fingerprints	10074171	0.5	0.06716417910447761
Cell Painting, ECFP4 fingerprints	10006002	0.49889135254988914	0.08799997771185272
Cell Painting, ECFP4 fingerprints	10019303	0.6390145801910507	0.252210323773461
Cell Painting, ECFP4 fingerprints	10030094	0.6313725490196078	0.17712349857280502
Cell Painting, ECFP4 fingerprints	10056419	0.5646551724137931	0.2706027456731927
Cell Painting, ECFP4 fingerprints	10029983	0.5736551030668677	0.21721166927068095
Cell Painting, ECFP4 fingerprints	10003662	0.6755148741418764	0.27143732607020266
Cell Painting, ECFP4 fingerprints	10023129	0.6540244416350611	0.24837510381776545
Cell Painting, ECFP4 fingerprints	10000891	0.7346637102734663	0.26128605805804517
Cell Painting, ECFP4 fingerprints	10011089	0.5119047619047619	0.1799491814533567
Cell Painting, ECFP4 fingerprints	10051017	0.3155701754385965	0.10774861872421895
Cell Painting, ECFP4 fingerprints	10012735	0.5734126984126985	0.09622701597276846
Cell Painting, ECFP4 fingerprints	10052904	0.5131652661064425	0.14490068973485468
Cell Painting, ECFP4 fingerprints	10007632	0.6682402307894048	0.5470092394987918
Cell Painting, ECFP4 fingerprints	10038683	0.5639320029563932	0.0977175858240826
Cell Painting, ECFP4 fingerprints	10034156	0.5745932848736588	0.2787468794503357
Cell Painting, ECFP4 fingerprints	10043071	0.7382151029748284	0.40537157393133866
Cell Painting, ECFP4 fingerprints	10008499	0.5711670480549198	0.2444382406279985
Cell Painting, ECFP4 fingerprints	10049040	0.4753501400560224	0.14817561292389086
Cell Painting, ECFP4 fingerprints	10029331	0.6077558804831532	0.15749956062285117
Cell Painting, ECFP4 fingerprints	10082214	0.6762129380053908	0.40383714933518267
Cell Painting, ECFP4 fingerprints	10022000	0.5	0.05223880597014925
Cell Painting, ECFP4 fingerprints	10005803	0.48604118993135015	0.14024028661832555
Cell Painting, ECFP4 fingerprints	10035768	0.43103448275862066	0.11606714634055518
Cell Painting, ECFP4 fingerprints	10012689	0.5495614035087719	0.1785989982560638
Cell Painting, ECFP4 fingerprints	10037779	0.5307530753075308	0.31615265371092444
Cell Painting, ECFP4 fingerprints	10012680	0.6821018062397373	0.3562308224243536
Cell Painting, ECFP4 fingerprints	10017412	0.5	0.07462686567164178
Cell Painting, ECFP4 fingerprints	10002216	0.6563192904656319	0.2984612050598147
Cell Painting, ECFP4 fingerprints	10020028	0.5855769230769231	0.2807625594388216
Cell Painting, ECFP4 fingerprints	10023874	0.3846153846153846	0.08747112483895662
Cell Painting, ECFP4 fingerprints	10076581	0.6061624649859945	0.21133887053649877
Cell Painting, ECFP4 fingerprints	10039580	0.49221183800623053	0.20268638073345452
Cell Painting, ECFP4 fingerprints	10028533	0.5466269841269841	0.1081224166320246
Cell Painting, ECFP4 fingerprints	10065612	0.5252695417789757	0.2348774228362461
Cell Painting, ECFP4 fingerprints	10014893	0.5507792860734037	0.19166012813759403
Cell Painting, ECFP4 fingerprints	10017577	0.49346818373367046	0.17165958478830723
Cell Painting, ECFP4 fingerprints	10011732	0.46053293112116644	0.14549587645159526
Cell Painting, ECFP4 fingerprints	10019717	0.6782786885245902	0.19243957103384624
Cell Painting, ECFP4 fingerprints	10030338	0.5825545171339563	0.2516872183589871
Cell Painting, ECFP4 fingerprints	10020462	0.7297077922077922	0.3794635598297086
Cell Painting, ECFP4 fingerprints	10005851	0.6031746031746031	0.30788780722445147
Cell Painting, ECFP4 fingerprints	10061998	0.4881850175967823	0.1368935593270662
Cell Painting, ECFP4 fingerprints	10004685	0.37398373983739835	0.0671279380358543
Cell Painting, ECFP4 fingerprints	10039227	0.6541666666666667	0.28596512399709706
Cell Painting, ECFP4 fingerprints	10011781	0.47559523809523807	0.11406243385548546
Cell Painting, ECFP4 fingerprints	10018884	0.5267593763168985	0.186982570101846
Cell Painting, ECFP4 fingerprints	10077361	0.5385946694357908	0.2374588495269409
Cell Painting, ECFP4 fingerprints	10005395	0.5667930889169828	0.24272072140576745
Cell Painting, ECFP4 fingerprints	10061284	0.6694214876033058	0.16898654833174878
Cell Painting, ECFP4 fingerprints	10004446	0.5953504043126685	0.29215860064379695
Cell Painting, ECFP4 fingerprints	10075049	0.5625615763546798	0.30058098038698683
Cell Painting, ECFP4 fingerprints	10037313	0.6033613445378152	0.170115766086456
Cell Painting, ECFP4 fingerprints	10010741	0.6541640178003815	0.43591116155468307
Cell Painting, ECFP4 fingerprints	10048624	0.48110091743119265	0.2443508282168592
Cell Painting, ECFP4 fingerprints	10058108	0.46313603322949115	0.19173254887014857
Cell Painting, ECFP4 fingerprints	10053206	0.5929203539823009	0.2319635157693185
Cell Painting, ECFP4 fingerprints	10040867	0.6010928961748634	0.16573618449671912
Cell Painting, ECFP4 fingerprints	10062237	0.6818373367045933	0.3015670830142943
Cell Painting, ECFP4 fingerprints	10036018	0.46292372881355937	0.11401793460753956
Cell Painting, ECFP4 fingerprints	10057970	0.5150162337662338	0.21006679514618973
Cell Painting, ECFP4 fingerprints	10049398	0.619271445358402	0.25815787697359366
Cell Painting, ECFP4 fingerprints	10087276	0.6127192982456141	0.26300085369895687
Cell Painting, ECFP4 fingerprints	10040914	0.9134860050890585	0.2289272030651341
Cell Painting, ECFP4 fingerprints	10018875	0.4966705836271053	0.17612861914843497
Cell Painting, ECFP4 fingerprints	10020591	0.4979816513761468	0.23654705313899096
Cell Painting, ECFP4 fingerprints	10005750	0.5134099616858238	0.17845539565685486
Cell Painting, ECFP4 fingerprints	10057666	0.6247139588100686	0.21452798976207488
Cell Painting, ECFP4 fingerprints	10008614	0.5093344155844155	0.19990891602042338
Cell Painting, ECFP4 fingerprints	10042458	0.6321428571428571	0.33715646839354124
Cell Painting, ECFP4 fingerprints	10035742	0.5	0.06716417910447761
Cell Painting, ECFP4 fingerprints	10023003	0.656439393939394	0.2874715322977216
Cell Painting, ECFP4 fingerprints	10028334	0.6204704386522568	0.24291771271683082
Cell Painting, ECFP4 fingerprints	10005734	0.5529761904761905	0.17664193503946216
Cell Painting, ECFP4 fingerprints	10024570	0.6248888888888889	0.1395431156797123
Cell Painting, ECFP4 fingerprints	10040741	0.6229707792207793	0.2895712370567386
Cell Painting, ECFP4 fingerprints	10019842	0.5692982456140352	0.19753178271077612
Cell Painting, ECFP4 fingerprints	10010774	0.6350877192982456	0.22902280850745027
Cell Painting, ECFP4 fingerprints	10044565	0.6764590677634156	0.3949160873281086
Cell Painting, ECFP4 fingerprints	10028600	0.6481792717086835	0.33915694321721496
Cell Painting, ECFP4 fingerprints	10029240	0.5736551030668678	0.1755268469010806
Cell Painting, ECFP4 fingerprints	10021114	0.5012569130216189	0.19615066971785955
Cell Painting, ECFP4 fingerprints	10033425	0.6452328159645233	0.1559073202746565
Cell Painting, ECFP4 fingerprints	10022013	0.4900969237252423	0.18745288447354913
Cell Painting, ECFP4 fingerprints	10018498	0.5794159544159543	0.2627512924946963
Cell Painting, ECFP4 fingerprints	10067585	0.7016018306636155	0.2839001431254934
Cell Painting, ECFP4 fingerprints	10019063	0.7233974358974359	0.5422612318433848
Cell Painting, ECFP4 fingerprints	10036316	0.6315596330275228	0.2535368160204994
Cell Painting, ECFP4 fingerprints	10029446	0.49941245593419503	0.201694230171926
Cell Painting, ECFP4 fingerprints	10039722	0.5941121202630755	0.35136942148985706
Cell Painting, ECFP4 fingerprints	10018999	0.5633064516129032	0.20393246354598243
